word,context,shop_id
meaty,"the meaty one! pepperoni, turkey ham, spicy beef and chicken",17
meaty,"meaty feasty - 09"" medium",133
meaty,"meaty feasty - 12"" large",133
meaty,"meaty feasty - 14"" x-large",133
meaty,meaty,67
meaty,might meaty,139
meaty,10inch might meaty,139
meaty,12inch might meaty,139
meaty,hot meaty,144
meaty,10inch hot meaty,144
meaty,12inch hot meaty,144
meaty,meaty calzone,144
meaty,10inch meaty calzone,144
meaty,12inch meaty calzone,144
meaty,meaty,150
meaty,"meaty hot - 10""",39
meaty,"meaty hot - 12""",39
meaty,"meaty hot - 16""",39
meaty,(h) meaty devil pizza,167
meaty,"we use two types of curry, plain and fruity, our rice is basmati and our gravy although very meaty and not salty is totally vegetarian¬†also the curry.",59
meaty,"mighty meaty pizza - 07""",112
meaty,"mighty meaty pizza - 09""",112
meaty,"mighty meaty pizza - 12""",112
meaty,"mighty meaty - 09"" small",113
meaty,"mighty meaty - 12"" large",113
give,"in remembrance of her recently departed mother ‚Äì gill, the owner of big catch fish and chips, will hike the inca trail to machu picchu to raise valuable funds for marie curie cancer care.gill wants to give something back to the charity that aided her mother through the final difficult months of her illness, and has set out to raise",124
give,so why not come down and give us a try?,126
give,green pepper to give the best taste,64
give,green pepper to give the best taste,64
give,"minced lamb marinated to give the best taste, with chopped onion, green pepper",64
give,"minced lamb marinated to give the best taste, with chopped onion, green pepper",64
give,we use cookies to ensure that we give you the best experience on our website. if you continue to use this site we will assume that you are happy with it.,67
give,"at farrels we are aware that some customers dont have a lot of time to grab lunch or dinner. so we are happy to take telephone orders ahead of a visit. its simple, just call up place your order and we will have it ready for you when you arrive (please have in mind you need to give us enough time to prepare it). üòÅ‚òéÔ∏èüì≤",71
give,"as always, amazing food, delivered hot by friendly people. if you‚Äôre looking for great food give them a go. we love the food from here! thank you guys",81
give,"2 scoops vanilla, 1 flake, 1 wafer spiral, 1 snowball + raspberry sauce. why not give it a try!!",198
give,"we believe in taste and quality, all our dishes are freshly prepared from the finest ingredients and cooked to order by our experienced chefs to give you the best takeaway experience you ever had.",102
give,prepared with very special marinated indian herbs to give you an authentic oriental taste,49
give,prepared with very special marinated indian herbs to give you an authentic oriental taste,49
give,have a really large order? give us a ring in advance and we can accomodate and deliver.,52
give,"see our specials board for other exciting offers, including seasonal items, special beer batter and even squid! - not on our menu? let us know and we shall see what we can do... we love a challenge! - want something special? give us a bell and we can try and do it.",52
give,if theres a particular fish youd like and if you can give us a day or two before you intend to visit us we will gladly supply you with the best fish youll have had in a long time.,59
give,¬†why not stop by and give them a try?,59
give,"we believe in taste and quality, all our dishes are freshly prepared from the finest ingredients and cooked to order by our experienced chefs to give you the best takeaway experience you ever had.",228
cucumber,"served with pancakes, spring onion, cucumber",63
cucumber,"served with pancakes, spring onion, cucumber",63
cucumber,"onions, tomatoes, cucumber, lettuce and cabbage",17
cucumber,"white cabbage, carrot, lettuce, onion, parsley, tomato. cucumber, pickled, chillies and fresh lemon",139
cucumber,"onion, lettuce, parsley, cucumber, tomato and feta cheese",139
cucumber,"iceberg lettuce, cucumber, cabbage, tomatoes and onions",141
cucumber,"lettuce, tomato, cucumber, onions, green pepper and sweetcorn",144
cucumber,cucumber raita,49
cucumber,"all the tandoori dishes are cooked in a clay oven and are served with a side salad containing tomatoes, cucumber, onions, lemon",219
cucumber,"mild pickled baby garlic, cucumber, pepper, onion, tomatoes, fresh green herbs",106
cucumber,"tandoori spiced chicken with spicy lamb mince in an onion, cucumber",106
cucumber,cucumber raitha,106
cucumber,off the bone with 6 pancakes and spring onion cucumber and sauce,61
cucumber,"{served with lettuce, onion, tomato, cucumber and relish of choice}",114
cucumber,"served with pancakes, spring onion, cucumber",236
cucumber,"served with pancakes, spring onion, cucumber",236
cucumber,"served with pancakes, cucumber, spring onions and peking sauce",237
cucumber,"served with pancakes, cucumber, spring onions and peking sauce",237
cucumber,"served with pancakes, spring onion, cucumber and sweet and sour sauce",237
cucumber,cucumber,238
cucumber,cucumber,238
cucumber,cucumber,238
cucumber,cucumber,238
cucumber,"prawn, lettuce, cucumber",238
cucumber,"prawn, lettuce, tomato, cucumber",238
quattro,quattro stagioni,198
quattro,"quattro stagioni pizza - 10""",86
quattro,"quattro stagioni pizza - 12""",86
quattro,quattro formaggi,201
quattro,10inch quattro formaggi,201
quattro,12inch quattro formaggi,201
quattro,quattro stagioni,201
quattro,10inch quattro stagioni,201
quattro,12inch quattro stagioni,201
quattro,penne quattro formaggi,201
quattro,"quattro stagioni - 10""",96
quattro,"quattro stagioni - 12""",96
quattro,quattro stagioni pizza,97
quattro,"pizza quattro stagioni - 10""",36
quattro,"pizza quattro stagioni - 12""",36
quattro,"pizza quattro stagioni - 16""",36
quattro,>>>>>>>>pizza quattro stagioni,98
quattro,quattro stagioni pizza,217
quattro,"quattro stagioni - 09"" thin",49
quattro,"quattro stagioni - 11"" thin",49
quattro,"quattro stagioni - 11"" deep",49
quattro,"quattro stagioni - 14"" thin",49
quattro,"quattro formaggio - 09"" thin crust",51
quattro,"quattro formaggio - 09"" deep pan",51
quattro,"quattro formaggio - 11"" thin crust",51
quattro,"quattro formaggio - 11"" deep pan",51
quattro,"quattro formaggio - 16"" thin crust",51
quattro,"quattro formaggio - 16"" deep pan",51
quattro,macaroni al quattro,51
quattro,quattro stagioni,175
quattro,32a. 8inch quattro stagioni,175
quattro,32b. 10inch quattro stagioni,175
quattro,33c. 12inch quattro stagioni,175
quattro,33d. 14inch quattro stagioni,175
cob,buttered cob,137
cob,wincobank fish bar,81
cob,wincobank fish bar,81
cob,coban salad,138
cob,"wincobank special pizza - 10""",81
cob,"wincobank special pizza - 12""",81
cob,donner cob,81
cob,chip cob,138
cob,donner cob,138
cob,chicken cob,138
cob,corn on the cob,81
cob,wincobank fish bar,81
cob,chip in a cob,139
cob,wine - jacobs creek white wine,85
cob,wine - jacobs creek red wine,85
cob,chip cob,141
cob,buttered cob,141
cob,doner cob,141
cob,chicken meat in a cob,141
cob,chip cob ¬† ¬† ¬† ¬† ¬† ¬† ¬† ¬† ¬† ¬† ¬† ¬† ¬† ¬† ¬† ¬£2.49,142
cob,¬†kebab cob ¬† ¬† ¬† ¬† ¬† ¬† ¬† ¬† ¬† ¬† ¬† ¬†¬†¬£3.49,142
cob,bread cob ¬† ¬† ¬† ¬† ¬† ¬† ¬† ¬† ¬† ¬† ¬† ¬† ¬†¬† ¬£0.60,142
cob,donner cob,143
cob,chicken cob,143
cob,chip cob - small,143
cob,chip cob - large,143
cob,buttered cobs,143
cob,lamb doner cob,146
cob,chicken doner cob,146
cob,mix doner cob,146
cob,bacon cob,146
cob,chip cob,146
cob,fritter cob,146
cob,cob,146
cob,chip cob,105
cob,chips cob,106
cob,cob,106
cob,lamb donner cob,106
cob,chicken donner cob,106
cob,chip cob,107
cob,ham salad cob,107
cob,cheese salad cob,107
cob,salad cob,107
cob,buttered cob,107
cob,chip cob,108
cob,chip cob,111
cob,donner cob,113
cob,chips cobs,113
cob,chip cob,113
cob,butter cob,113
cob,"donner cob, chips",113
smokey,"smokey bbq - 09"" medium",130
smokey,"bbq chicken, smokey sausage, red onion, sweetcorn",130
smokey,"smokey bbq - 12"" large",130
smokey,"bbq chicken, smokey sausage, red onion, sweetcorn",130
smokey,"smokey bbq - 16"" x-large",130
smokey,"bbq chicken, smokey sausage, red onion, sweetcorn",130
smokey,"ham, smokey sausage, pepperoni, spicy beef and black olives",24
smokey,"bbq and tomato base, onion, red pepper, ham, smokey sausage and jalapenos complimentary garlic and chilli powder",24
smokey,ol‚Äôsmokey,87
smokey,smokey,87
smokey,smokey sausage,206
smokey,smokey sausage,210
smokey,"smokey pizza - 10""",211
smokey,"smokey, onion, cheese, tomato",211
smokey,"smokey pizza - 12""",211
smokey,"smokey, onion, cheese, tomato",211
smokey,"smokey, ham, chicken, jalapenos, onion, garlic butter, cheese, tomato",211
smokey,"smokey, ham, chicken, jalapenos, onion, garlic butter, cheese, tomato",211
smokey,smokey sausage,211
smokey,smokey,213
smokey,smokey joe bbq chip,164
smokey,smokey and chips,166
smokey,smokey sausage,166
smokey,smokey sausage,220
smokey,smokey sausage,220
smokey,smokey pizza,221
smokey,"cheese, tomato, smokey sausage, onions and mixed peppers",221
smokey,38a. 7inch smokey pizza,221
smokey,38b. 10inch smokey pizza,221
smokey,38c. 12inch smokey pizza,221
smokey,38d. 16inch smokey pizza,221
smokey,smokey,222
smokey,"mozzarella cheese, tomato, and smokey sausage",222
smokey,10inch smokey,222
smokey,12inch smokey,222
smokey,16inch smokey,222
smokey,smokey sausage,222
smokey,smokey sausage,172
smokey,smokey sausage,172
smokey,dutch smokey,172
smokey,smokey fishcake,174
smokey,smokey and chips,178
smokey,smokey sausage,181
guava,rubicon guava can,123
guava,rubicon guava can,125
guava,rubicon guava,127
guava,rubicon guava can,17
guava,rubicon - guava,18
guava,rubicon guava - 0.33l,83
guava,rubicon guava can,207
guava,rubicon guava,45
guava,rubicon - guava,49
guava,rubicon - guava,51
guava,rubicon guava can,168
guava,rubicon guava,235
pakora,vegetable pakora kebab,187
pakora,single vegetable pakora kebab,187
pakora,vegetable pakora kebab with chips,187
pakora,chicken pakora kebab,187
pakora,single chicken pakora kebab,187
pakora,chicken pakora kebab with chips,187
pakora,chicken pakora,187
pakora,medium chicken pakora,187
pakora,large chicken pakora,187
pakora,vegetable pakora,187
pakora,medium vegetable pakora,187
pakora,large vegetable pakora,187
pakora,mixed pakora,187
pakora,medium mixed pakora,187
pakora,large mixed pakora,187
pakora,"2 pieces chicken pakora, 2 pieces vegetable pakora, 2 pcs chicken nuggets, 4 pieces onion rings, chips and a can of soft drink",187
pakora,"2 pieces chicken pakora, 2 pieces vegetable pakora, 2 pieces chicken nuggets, 4 pieces onion rings, lamb donner, chicken donner, chips and a can of soft drink",187
pakora,"2 pieces chicken pakora, 2 pcs vegetable pakora, 2 pcs chicken nuggets, 4 pcs onion rings, cheese burger, chicken donner, lamb donner, chips with cheese and a can of soft drink",187
pakora,"4 pieces chicken pakora, 4 pieces vegetable pakora, 6 pieces onion rings, 6 pieces chicken nuggets, 2 pieces chicken wings, cheeseburger, chicken donner,lamb donner, chips with cheese and 2 cans of soft",187
pakora,"2x jumbo haddock, chips and peas, mushy peas,, vegetable pakora, chicken pakora, 2 popadoms, mango chutney, garlic sauce and 2ltr bottle of soft drink",187
pakora,"4x jumbo haddok, chips and peas, mushy peas, vegetable pakora, 2 chicken pakora, 4 popadoms, mango chutney, 4 x garlic sauce and 2ltr bottle of soft drink",187
pakora,"medium lamb donner kebab, medium chicken donner, 2 x 10inch cheese tomato pizza with 2 toppings excluding donner, chicken tikka or seafood, beef burger, chicken pakora, 2 chips and a 1.75ltr bottle of coke",187
pakora,"large lamb donner kebab, large chicken donner, 2 x 16inch cheese and tomato pizza with 2 toppings excluding donner, chicken tikka or seafood, chicken pakora, 3 chips and 2 x 1.7ltr bottle of coke",187
pakora,"munchy box( one sauces,one any pie,dona kebab,4 pcs chicken pakora ,chips, one garlic dip)",187
pakora,chicken pakora - single,189
pakora,chicken pakora - supper,189
pakora,chicken pakora with chilli dip,191
pakora,vegetable pakora,192
pakora,chicken pakora,192
pakora,"done kebab, chicken kebab, 3 piece veg pakora, 2 piece chicken pakora, chips, 3 pitta bread, garlic sauce, chilli sauce, salad",192
pakora,pakora,194
pakora,2 x chicken pakora,194
pakora,4 x haggis pakora,194
pakora,4 x veg pakora,194
pakora,vegetable pakora,195
pakora,mushroom pakora,195
pakora,chilli pakora,195
pakora,chicken pakora,195
pakora,mixed pakora,195
pakora,chicken tikka pakora,195
pakora,"donner, chicken tikka, chicken pakora, spicy potato fritter, veg pakora, onion rings, chicken nuggets, chips, salad, chilli sauce, garlic bread and can of juice",195
pakora,"donner, chicken tikka, chicken pakora, spicy potato fritter, veg pakora, onion rings, chicken nuggets, chips, salad, chilli and garlic sauce, pitta, garlic bread and 2 cans of juice",195
pakora,chicken pakora portion,20
pakora,vegetable pakora portion,20
pakora,pakora,195
pakora,"vegetable pakora, 2 poppadoms and onion chutney, choose any 1 curry from old favourites with rice and nan",195
pakora,"2 poppadoms and onion chutney, choice of any 2 curries from old favourites served with 2 pilau rice and nan, vegetable pakora or chicken pakora for extra 1 pound",195
pakora,"chicken pakora, any 2 old favourite curries served with 2 pilau rice, nan, large donner, 12inch pizza with one topping and chips",195
pakora,"2 poppadoms, onion chutney, mixed pakora with salad and sauce a choice of 2 main dishes from menu served with 2 pilau rice and a nan",195
pakora,pakoras,196
pakora,chicken pakora,196
pakora,vegetable pakora,196
pakora,mixed pakora,196
pakora,fish pakora,196
pakora,mushroom pakora,196
pakora,"with doner meat,chicken pakora,vegetable pakora,chips,chicken tikka,salad and sauce and nan bread with free can of juice",196
pakora,"with doner meat,chicken pakora,vegetable pakora,chips,chicken tikka,salad and sauce and nan bread with 2 free cans of juice",196
pakora,"with doner meat,chicken pakora,vegetable pakora,chips,chicken tikka,salad and sauce and nan bread with free  1.5litre of coke",196
pakora,"tomato pizza, donner meat, chicken pakora (2), vegetable pakora (2), chips, 2 dips",85
pakora,chicken pakora,85
pakora,vegetable pakora,85
pakora,haggis pakora,85
pakora,mixed pakora,85
pakora,chicken pakora - single,25
pakora,chicken pakora - supper,25
pakora,vegetable pakora - single,25
pakora,vegetable pakora - supper,25
pakora,mixed pakora - single,25
pakora,mixed pakora - supper,25
pakora,vegetable pakora,86
pakora,"2 pieces of vegetable pakora, 2 pieces of chicken pakora, donner kebab meat",86
pakora,pakora - vegetable,86
pakora,pakora - chicken,86
pakora,121. 4pcs chicken pakora with sauce,200
pakora,"7inch box filled with chicken pakora, veggie pakora, onion rings, small sausage, pitta and can of juice",200
pakora,"10inch pizza box filled with chicken pakora, veggie pakora, doner meat, chips, onion rings, jumbo sausage, can, chilli or garlic sauce and separate salad and pitta bread",200
pakora,"12inch box filled with chicken pakora, veggie pakora, chicken kebab, doner kebab, onion rings, 2 pitta bread, chips, haggis,  jumbo sausage, can chilli garlic sauce and separate mixed salad",200
pakora,"12inch box filled with chicken pakora, veggie pakora, chicken kebab, kofte kebab, doner kebab, battered beef burger, chips, onion rings, 2 pitta bread haggis, 2 jumbo sausage, 2 cans chilli or garlic and separate salad",200
pakora,"chicken pakora, vegetable pakora, mushroom pakora, onion rings, donner kebab, salad, chips, 2 sauces",28
pakora,"chicken pakora, vegetable pakora, mushroom pakora, onion rings,donner kebab, chicken donner, salad, chips, 3 sauces",28
pakora,pakora,28
pakora,chicken pakora - regular,28
pakora,chicken pakora - large,28
pakora,vegetable pakora - regular,28
pakora,vegetable pakora - large,28
pakora,mushroom pakora - regular,28
pakora,mushroom pakora - large,28
pakora,mixed pakora - regular,28
pakora,"chicken, vegetable, mushroom pakora",28
pakora,mixed pakora - large,28
pakora,"chicken, vegetable, mushroom pakora",28
pakora,tub of sauce - pakora,28
pakora,vegetable pakora kebab,88
pakora,chicken pakora kebab,88
pakora,pakoras,89
pakora,chicken pakora (4),89
pakora,vegetable pakora (6),89
pakora,mixed pakora (2 vegetable,89
pakora,chicken pakora,30
pakora,vegetable pakora,30
pakora,mixed pakora,30
pakora,chicken pakora - single,90
pakora,chicken pakora - supper,90
pakora,vegetable pakora - single,90
pakora,vegetable pakora - supper,90
pakora,chicken pakora kebab,90
pakora,"10"" pizza with any 3 spicy toppings, chicken pakora (2), vegetable pakora (2), spicy chicken wings (3), jalapeno bites (3), chips",91
pakora,"tomato pizza, chicken pakora (2), vegetable pakora (2), donner meat, chips, salad, salad dressing (tub), chilli",91
pakora,vegetable pakora,30
pakora,pakora sauce,30
pakora,mixed pakora,91
pakora,chicken pakora (5),91
pakora,vegetable pakora (6),91
pakora,vegetable pakora (6),31
pakora,chicken breast pakora (5),31
pakora,mixed pakora,31
pakora,4x chicken pakora.,31
pakora,chicken pakora - single,93
pakora,chicken pakora - supper,93
pakora,vegetable pakora - single,93
pakora,vegetable pakora - with chips,93
pakora,vegetable pakora,33
pakora,"donner, chips, salad, chicken pakora, vegetable pakora",33
pakora,"quarter pounder burger or chicken burger, chips, chicken pakora, vegetable pakora",33
pakora,"quarter pounder burger or chicken burger, chips, chicken pakora, vegetable pakora",33
pakora,"12"" pizza with 2 toppings, chips, mixed pakora, salad",33
pakora,"16"" pizza with any 2 toppings, large chips, mixed pakora",33
pakora,vegetable pakora,33
pakora,chicken breast pakora,33
pakora,mixed pakora,33
pakora,chicken pakora wrap,33
pakora,"10"" pizza with any 3 spicy toppings, chicken pakora (2), vegetable pakora (2), spicy chicken wings (3), jalapeno bites (3), chips",94
pakora,"tomato pizza, chicken pakora (2), vegetable pakora (2), donner meat, chips, salad, salad dressing (tub), chilli",94
pakora,vegetable pakora (6),94
pakora,mixed pakora,94
pakora,chicken pakora (5),94
pakora,"portion of pakoras, 10"" pizza with 2 toppings, any supper, any pasta",35
pakora,pakora,35
pakora,"chicken pakora, sauce",35
pakora,"chicken pakora, sauce",35
pakora,sauces - pakora,35
pakora,chicken pakora,95
pakora,vegetable pakora,95
pakora,mixed pakora,95
pakora,"2 large kebabs (excluding mixed kebab), vegetable pakora, large chips.",96
pakora,chicken pakora kebab,36
pakora,pakoras,36
pakora,pakora - chicken,36
pakora,pakora - vegetable,36
pakora,pakora - mixed,36
pakora,chicken pakora,96
pakora,vegetable pakora,96
pakora,mixed pakora,96
pakora,04oz cartons - pakora sauce,36
pakora,"mixed pakora, donner, onion rings, chips, salad, chilli sauce",36
pakora,"mixed pakora, donner, onion rings, chips, salad, chilli sauce",36
pakora,"chicken pakora munchie box 9""",36
pakora,"chicken pakora, fresh salad, chips",36
pakora,"vegetable pakora, fresh salad, chips",36
pakora,"mixed pakora munchie box 9""",36
pakora,"mixed pakora, fresh salad, chips",36
pakora,chicken pakora,97
pakora,vegetable pakora,97
pakora,"chicken pakora, vegetable pakora, 10",97
pakora,"chicken pakora, vegetable pakora, 12",97
pakora,pakora ranch,37
pakora,vegetable pakora (7),37
pakora,chicken pakora (5),37
pakora,mixed pakora,37
pakora,chicken pakora,98
pakora,vegetable pakora,98
pakora,mixed pakora,98
pakora,pakora,39
pakora,"portion of pakora, 10"" pizza with any 2 toppings, any supper, any pasta",39
pakora,"includes 3 pieces of fried chicken, portion of garlic bread, onion rings, jalapeno bombs, chicken nuggets, chicken strips, mixed pakora, 2 sausages",39
pakora,pakora,39
pakora,chicken pakora (8),39
pakora,vegetable pakora (8),39
pakora,mixed pakora (8),39
pakora,mixed pakora,98
pakora,chicken pakora,98
pakora,veg pakora,98
pakora,"12"" garlic bread, 2 chicken pakora, 2 veg pakora, doner meat, chips, salad, tub of salad dressing, chilli",98
pakora,"any supper, any pakora, any 10",217
pakora,"donner, kebab, chips, chicken pakora, vegetable pakora, salad, sauce",217
pakora,chicken pakora,217
pakora,veggie pakora,217
pakora,"spiced onions, poppadoms, vegetable pakora, any curry, fried or boiled rice.",219
pakora,"spiced onions, poppadoms, mixed pakora, any 2 curries, rice",219
pakora,"spiced onions, poppadoms, chicken pakora or mixed pakora, any 3 curries, 2 rice or nan.",219
pakora,"spiced onion, mixed pakora or chicken pakora, any 4 curries, 2 fried rice",219
pakora,"any 2 12"" pizzas with two toppings, mixed pakora, chips",219
pakora,"doner kebab mixed pakora, onion rings, pitta bread, chilli",219
pakora,"pakora sauce, chips",219
pakora,"vegetable pakora, onion rings, 2 pitta beads, chilli",219
pakora,"pakora sauce, chips",219
pakora,"vegetable pakora, onion rings, nan bread, salad, garlic dip, chilli",219
pakora,"pakora sauce, chips",219
pakora,vegetable pakora - small,219
pakora,vegetable pakora - large,219
pakora,mushroom pakora - small,219
pakora,mushroom pakora - large,219
pakora,chicken pakora - small,219
pakora,chicken pakora - large,219
pakora,mixed pakora - small,219
pakora,mixed pakora - large,219
pakora,pakora sauce,219
pakora,chicken pakora,49
pakora,110. 4pcs chicken pakora,221
pakora,111. 6pcs vegetable pakora,221
pakora,"doner meat, chicken nuggets, chicken pakora, jumbo sausage, chips, onion rings, pitta bread, 2x dips and 2x cans. served in a 10inch box.",221
pakora,(v) (h) vegetable pakora,106
pakora,(h) chicken pakora,106
pakora,(h) fish pakora starter,106
pakora,(v) (h) paneer pakora,106
pakora,4pcs chicken pakora,222
pakora,chicken pakora,113
pakora,paneer pakora,113
pakora,fish pakora,113
pakora,vegetable pakora,117
pakora,fish pakora,117
pukka,pukka pies,13
pukka,pukka pie deal,133
pukka,any pukka pie,133
pukka,pukka pies,134
pukka,kidney pukka pie,134
pukka,mushroom pukka pie,134
pukka,onion pukka pie,134
pukka,all steak pukka pie,134
pukka,onion pukka pastie,134
pukka,pukka pies,20
pukka,kidney pukka pie - regular,78
pukka,mushroom pukka pie - regular,78
pukka,onion pukka pie - regular,78
pukka,potato pukka pie - regular,78
pukka,pukka pie and pasties,139
pukka,(any pukka-pie + small chips + splash peas/beans/curry/gravy),84
pukka,pukka pie,144
pukka,beef onion pukka pie,144
pukka,chicken mushroom pukka pie,144
pukka,steak kidney pukka pie,144
pukka,"pukka pie, small chips, large sausage and a can of soft drink",144
pukka,pukka pies,113
pukka,pukka pies,230
pukka,pukka pies,116
pukka,"pukka pie, chips",234
pukka,pukka pies,237
pukka,pukka pie,239
pukka,beef and onion pukka pie,239
pukka,chicken and mushroom pukka pie,239
pukka,steak and kidney pukka pie,239
pukka,pies - pukka pies,243
savoury,savoury cake,63
savoury,cheese savoury,198
savoury,cheese savoury,198
savoury,cheese savoury,198
savoury,cheese savoury,198
savoury,cheese savoury,198
savoury,"ruby red with fruity aromas of ripe red fruits on the nose. the palate is fresh, savoury and well balanced with good structure and excellent finish.",87
savoury,homemade cheese savoury,206
savoury,homemade corned beef savoury,206
savoury,kids savoury,210
savoury,"brown‚Äôs vegetarian burger, savoury veggie pattie dressed with salad served on a bun",157
savoury,onion savoury ¬†cooked in batter,113
savoury,onion savoury,59
savoury,savoury cake,60
savoury,fresh savoury,61
savoury,savoury dinner,61
savoury,cheese savoury and chips,174
savoury,gf cheese savoury and chips,174
savoury,"a savoury blend of king prawn, duck, chicken and roast pork with mixed vegetables",237
savoury,all our pizzas are home made with our own savoury sauce and fresh ingredients,175
savoury,115. cheese savoury,175
savoury,116. corned beef savoury,175
savoury,savoury corned beef or cheese pattie in crispy golden crumbs,178
savoury,cheese savoury,180
savoury,corned beef savoury,180
pattie,patties,67
pattie,"we use 6oz patties from our local craft butchers, burgers are cooked well done unless specified, served in a glazed brioche bun with mixed lettuce",87
pattie,"we use 6oz patties from our local craft butchers, burgers are cooked well done unless specified, served in a glazed brioche bun with mixed lettuce¬†",87
pattie,79. fish pattie,203
pattie,80. cheese pattie,203
pattie,81. corned beef pattie,203
pattie,pattie and pies,207
pattie,homemade cheese pattie,207
pattie,homemade corn beef pattie,207
pattie,cheese and onion pattie,149
pattie,traditional hull pattie,149
pattie,fish pattie,149
pattie,pattie buttie,149
pattie,pattie special,149
pattie,"small sausage or pattie, chips, side + can of drink",149
pattie,fish pattie,150
pattie,patties,150
pattie,corned beef pattie,150
pattie,pattie buttie,150
pattie,pattie balls,150
pattie,fish pattie,150
pattie,pattie and chips,150
pattie,pattie and chips,150
pattie,award winning patties,151
pattie,"graham and lynn smith (maureens brother) took over the fish shop in 1984 and soon obtained a reputation for being one of the best fish and chip shops in hull. as well as fish and chips lynns inventiveness for new ideas created the corned beef pattie, cheese and onion pattie and opened the customers up to nes ideas like chicken curry from the chippy.",151
pattie,pattie,151
pattie,pattie (cheese,151
pattie,pattie (corned beef),151
pattie,pattie (fish),151
pattie,cheese pattie,208
pattie,corned beef pattie,208
pattie,mini medley patties,152
pattie,pattie and chips,152
pattie,pattie butty,152
pattie,pattie,152
pattie,pattie - cheese,209
pattie,pattie - corned beef,209
pattie,cheese pattie,211
pattie,meat pattie,211
pattie,kids cheese pattie,211
pattie,"brown‚Äôs vegetarian burger, savoury veggie pattie dressed with salad served on a bun",157
pattie,cheese pattie,212
pattie,175. meat pattie,221
pattie,176. cheese and onion pattie,221
pattie,pattie and chips with gravy or curry sauce.,222
pattie,cheese pattie,223
pattie,mince pattie,223
pattie,mixed vegetable patties in a yoghurt,106
pattie,cheese pattie and chips,166
pattie,corn beef pattie and chips,166
pattie,corn beef pattie,166
pattie,cheese pattie,166
pattie,corned beef pattie,167
pattie,cheese pattie,167
pattie,kids pattie,167
pattie,pattie and pies,168
pattie,homemade cheese pattie,168
pattie,homemade corn beef pattie,168
pattie,cheese pattie,170
pattie,savoury corned beef or cheese pattie in crispy golden crumbs,178
pattie,clem‚Äôs fish pattie and chips,178
pattie,jamaican patties,242
pattie,corned beef pattie,181
pattie,cheese pattie,181
pattie,jumbo sausage or pattie with chips,181
macaroni,macaroni pie,187
macaroni,single macaroni pie,187
macaroni,macaroni pie with chips,187
macaroni,macaroni pie - single,189
macaroni,macaroni pie - supper,189
macaroni,macaroni cheese,190
macaroni,macaroni cheese supper,190
macaroni,single macaroni cheese,190
macaroni,macaroni cheese,191
macaroni,delicious home made macaroni,192
macaroni,s famous macaroni cheese,193
macaroni,macaroni cheese and chips,195
macaroni,macaroni pie,197
macaroni,macaroni cheese,198
macaroni,macaroni cheese pie,198
macaroni,macaroni cheese - single,25
macaroni,macaroni cheese - supper,25
macaroni,macaroni cheese pie,198
macaroni,macaroni cheese,198
macaroni,106. macaroni cheese with chips,200
macaroni,macaroni cheese (v),87
macaroni,macaroni cheese pasta - plain,28
macaroni,macaroni cheese pasta - with chips,28
macaroni,macaroni cheese side (v),87
macaroni,macaroni cheese,87
macaroni,macaroni cheese (v),87
macaroni,macaroni,30
macaroni,macaroni cheese - single,31
macaroni,macaroni cheese - with chips,31
macaroni,macaroni,31
macaroni,macaroni meal,33
macaroni,macaroni cheese,34
macaroni,macaroni,34
macaroni,macaroni,35
macaroni,macaroni cheese -,36
macaroni,macaroni cheese,37
macaroni,macaroni cheese,98
macaroni,macaroni cheese - single,39
macaroni,macaroni cheese - supper,39
macaroni,macaroni cheese bites,39
macaroni,macaroni,215
macaroni,macaroni,215
macaroni,macaroni cheese,217
macaroni,macaroni cheese with chips,219
macaroni,macaroni al quattro,51
macaroni,"mouth watering macaroni covered in a bechamel sauce, a little garlic topped with extra mature cheddar. served with chips or salad",174
burdock,dandelion and burdock can,125
burdock,burdock,135
burdock,burdock,70
burdock,"burdock, pepsi max, pepsi, vimto)",84
burdock,burdock - 0.33l,143
burdock,burdock,145
burdock,dandelion and burdock can,207
burdock,burdock - 0.33l,210
burdock,burdock - 0.5l,210
burdock,burdock - 1.5l,210
burdock,burdock - 0.33l,45
burdock,burdock 275ml,46
burdock,dandelion and burdock can,50
burdock,dandelion and burdock bottle 2l,166
burdock,dandelion and burdock can,168
burdock,dandelion and burdock 0.33l,174
burdock,dandelion and burdock can,118
parmesan,chicken parmesan,127
parmesan,parmesans,200
parmesan,76. chicken parmesan,200
parmesan,77. fungi parmesan,200
parmesan,78. veneto parmesan,200
parmesan,80. barbecue sauce parmesan,200
parmesan,81. chicken tikka parmesan,200
parmesan,82. kiev parmesan,200
parmesan,83. balmoral parmesan,200
parmesan,any parmesan and can,200
parmesan,"any two parmesan specials, 1.5 ltr bottle and any 2 dessert",200
parmesan,"parma ham, rocket, slithers of parmesan cheeses",201
parmesan,"vegetarian. basil, olive oil, garlic and parmesan cheese",201
parmesan,"bacon, onion, cream and parmesan",201
parmesan,parmesan original,203
parmesan,52a. small parmesan original,203
parmesan,52b. large parmesan original,203
parmesan,parmesan funghi,203
parmesan,53a. small parmesan funghi,203
parmesan,53b. large parmesan funghi,203
parmesan,chicken parmesan,204
parmesan,fish parmesan,204
parmesan,parmesan.,96
parmesan,parmesan.,96
parmesan,parmesan.,96
parmesan,"ham, cream and parmesan cheese",97
parmesan,"cream, mushroom and parmesan cheese",97
parmesan,"garlic, olive oil and parmesan cheese",97
parmesan,parmesans,207
parmesan,original parmesan,207
parmesan,hotshot parmesan,207
parmesan,bolognese parmesan,207
parmesan,westgate special parmesan,207
parmesan,"original parmesan, portion of kebab meat, chips, salad and 2x dips",207
parmesan,parmesans,209
parmesan,chicken parmesan,209
parmesan,spicy parmesan,209
parmesan,parmesans,49
parmesan,margherita parmesans,49
parmesan,chicken tikka parmesans,49
parmesan,bolognese parmesans,49
parmesan,hot shot parmesans,49
parmesan,"pizza, any parmesan with chips or salad, 1 small sauce, bottle of pop (2ltr)",166
parmesan,parmesans,166
parmesan,dip. parmesan is fillet chicken breast in breadcrumbs with b√©chamel sauce on it,166
parmesan,chicken parmesan,166
parmesan,al funghi parmesan,166
parmesan,kiev parmesan,166
parmesan,hawaiian parmesan,166
parmesan,bbq parmesan,166
parmesan,hot shot parmesan,166
parmesan,your parmesan,166
parmesan,parmesans,168
parmesan,original parmesan,168
parmesan,hotshot parmesan,168
parmesan,bolognese parmesan,168
parmesan,westgate special parmesan,168
parmesan,"original parmesan, portion of kebab meat, chips, salad and 2x dips",168
parmesan,parmesan,221
parmesan,"any 2x parmesans, 2x salads, 2x chips and 2x sauces",221
parmesan,all our parmesans are served with chips and salad,175
parmesan,chicken parmesan,175
parmesan,73a. small chicken parmesan,175
parmesan,73b. large chicken parmesan,175
parmesan,al funghi parmesan,175
parmesan,74a. small al funghi parmesan,175
parmesan,74b. large al funghi parmesan,175
parmesan,zeno chicken parmesan,175
parmesan,75a. small zeno chicken parmesan,175
parmesan,75b. large zeno chicken parmesan,175
parmesan,hot shot chicken parmesan,175
parmesan,76a. small hot shot chicken parmesan,175
parmesan,76b. large hot shot chicken parmesan,175
parmesan,explosive chicken parmesan,175
parmesan,77a. small explosive chicken parmesan,175
parmesan,77b. large explosive chicken parmesan,175
parmesan,proscuitto chicken parmesan,175
parmesan,78a. small proscuitto chicken parmesan,175
parmesan,78b. large proscuitto chicken parmesan,175
parmesan,lumma chicken parmesan,175
parmesan,79a. small lumma chicken parmesan,175
parmesan,79b. large lumma chicken parmesan,175
parmesan,sicilliano chicken parmesan,175
parmesan,80a. small sicilliano chicken parmesan,175
parmesan,80b. large sicilliano chicken parmesan,175
parmesan,bolognese chicken parmesan,175
parmesan,81a. small bolognese chicken parmesan,175
parmesan,81b. large bolognese chicken parmesan,175
parmesan,kids parmesan,175
parmesan,82. small kids parmesan,175
parmesan,"any 12inch pizza, large chicken parmesan, garlic dip, chilli dip and 2x cans of pepsi",175
parmesan,"any 10inch pizza, small chicken parmesan, garlic dip, donner meat, 1/4 cheeseburger and bottle of coke",175
parmesan,"traditional bacon, ham, mushrooms, parmesan, mozzarella, cream sauce",118
parmesan,"italian meatballs in our special tomato salsa, topped with cheese parmesan",118
parmesan,"ground mince beef in rich tomato salsa, herps topped with cheese finished with parmesan",118
parmesan,"chicken cooked in tomato salsa with a hint of cream finished with cheese, chilli, mushrooms and parmesan",118
parmesan,"a great italian classic, rich tomato salsa with cheese finished with parmesan",118
parmesan,"mushrooms, red peppers, onion, tomato salsa, cheese, garlic and parmesan",118
parmesan,parmesans,180
parmesan,chicken parmesan,180
parmesan,hot shot parmesan,180
parmesan,bbq chicken parmesan,180
parmesan,pepperoni parmesan,180
splash,fish butty/with a splash,126
splash,fish cake butty/with a splash,126
splash,chip butty/with a splash,126
splash,scallop butty/with a splash,126
splash,spam fritter/with a splash,126
splash,jumbo sausage/with a splash,126
splash,splash of peas in a breadcake,128
splash,"cherry, cream soda with a splash of rhubarb",135
splash,splash,84
splash,(chicken nuggets(5) + chips + splash peas/beans/cury/gravy + kids drink),84
splash,(small sausage + chips + splash peas/beans/curry/gravy + kids drink),84
splash,(rissole + chips + splash peas/beans/curry/gravy + kids drink),84
splash,(small cod + small chips + small sausage or rissole + splash peas/beans/curry/gravy),84
splash,(any pukka-pie + small chips + splash peas/beans/curry/gravy),84
splash,"cherry, cream soda with a splash of rhubarb",145
splash,chip butty splash*,204
splash,chip buttie with splash of sauce - small,211
splash,chip buttie with splash of sauce - large,211
splash,splash,170
splash,"cod, chorzio, garlic and coriander mixed with both sweet and mashed potato and a splash of lemon juice",174
splash,scollop butty with a few chips and a splash of peas or curry (699 calories with curry),121
splash,small chips with splash of any sauce; collection or delivery,181
splash,mince or steak pie with splash of any sauce,181
splash,with splash of any sauce,181
splash,with splash of any sauce,181
dandelion,dandelion and burdock can,125
dandelion,dandelion,70
dandelion,dandelion,135
dandelion,"(coca-cola, diet cola, dr. pepper, lilt, sprite, fanta orange/fruit twist, bitter shandy, soda, dandelion",84
dandelion,dandelion,143
dandelion,dandelion,145
dandelion,dandelion and burdock can,207
dandelion,dandelion,210
dandelion,dandelion,210
dandelion,dandelion,210
dandelion,dandelion,45
dandelion,fentimans dandelion,46
dandelion,dandelion and burdock can,50
dandelion,dandelion and burdock bottle 2l,166
dandelion,dandelion and burdock can,168
dandelion,dandelion and burdock can,118
dandelion,dandelion and burdock 0.33l,174
scallop,scallop butty,123
scallop,scallop butty with chips,123
scallop,scallop,123
scallop,potato scallop (v),124
scallop,potato scallop (v),124
scallop,scallop,125
scallop,scallop butty,125
scallop,scallops (4),63
scallop,scallops,64
scallop,scallop,126
scallop,scallop butty/with a splash,126
scallop,scallops,13
scallop,scallop,67
scallop,scallop,69
scallop,scallops,129
scallop,scallop,130
scallop,scallop,70
scallop,scallop barm,70
scallop,scallops,18
scallop,lighthouse special fish barm (battered fish sandwiched between two potato scallops in a barm),74
scallop,lighthouse ultimate fish barm (battered fish and a fish cake sandwiched between two potato scallops in a barm),74
scallop,potato scallops (2),74
scallop,potato scallops,133
scallop,scallop batch,133
scallop,2 scallops,133
scallop,scallop,134
scallop,scallop batch,134
scallop,scallop,20
scallop,"scallops (each, battered or baked)",135
scallop,"scallops (each, battered or baked)",135
scallop,cods scallops,135
scallop,feeling peckish? take a look at our map below to find your nearest cods scallops and pay us a visit!,135
scallop,two potato scallops,82
scallop,potato scallop,84
scallop,potato scallop butty,84
scallop,scallop,23
scallop,scallop,24
scallop,shetland breaded queen scallops,197
scallop,scallop v,140
scallop,"scallops (each, battered or baked)",145
scallop,"scallops (each, battered or baked)",145
scallop,cods scallops,145
scallop,feeling peckish? take a look at our map below to find your nearest cods scallops and pay us a visit!,145
scallop,73. scallop,203
scallop,scallops,157
scallop,"brown‚Äôs scallops, tasty, tender treat. soft succulent scallops to your plate",157
scallop,half portion scallops,157
scallop,"half the portion, all the taste. scallops in a tasty batter",157
scallop,scallops,160
scallop,"2 pasties, 2 sausages, 2 steakettes, portion of onion rings or scallops, 2 chips",160
scallop,scallops,41
scallop,scallop,41
scallop,popsies potato scallop,44
scallop,scallop butty,45
scallop,scallops,45
scallop,scallops,47
scallop,"scallop   butty",47
scallop,scallop,51
scallop,scallop butty,51
scallop,potato scallop,52
scallop,scallops,59
scallop,scallop,118
scallop,scallop,118
scallop,scallop,122
scallop,3 x scallops,122
scallop,3 x scallops,122
scallop,3 x scallops,122
scallop,scallop butty,122
scallop,scallop butty,122
scallop,potato scallops,60
scallop,scallops,61
scallop,scallop,236
scallop,with dry scallops,237
cornish,cornish pasty¬†,4
cornish,cornish pasty,10
cornish,cornish pasty,13
cornish,cornish pasty,17
cornish,chips takeaway in coventry. why dont you try our sauce or cornish pasty?,133
cornish,cornish pasty,133
cornish,cornish orchards gold cider,135
cornish,cornish orchards pear cider,135
cornish,cornish pasty,77
cornish,large cornish pasty,139
cornish,cornish pasty,24
cornish,cornish pasty,80
cornish,cornish orchards gold cider,145
cornish,cornish orchards pear cider,145
cornish,cornish pastie,109
cornish,cornish pasty,111
cornish,cornish pasty,112
cornish,cornish pasty,115
cornish,cornish pasty,58
cornish,cornish pasty,118
cornish,cornish pasty,120
cornish,served with cornish clotted cream or ice-cream,233
cornish,served with cornish clotted cream or ice cream,233
cornish,"served with cornish clotted cream, ice cream or golden syrup",233
cornish,cornish knocker,233
cornish,‚Äúcornish fish in a yorkshire wrapping‚Äù,233
cornish,cornish pasty,238
cornish,kidney pie cornish pastiesaveloysausage (with or without batter)beefburgerbeefburger in bun with garnishchinese pancake rollcurry pancake rollveggie pastiecheese,182
cornish,cornish pasty,242
cornish,cornish pasty,183
cornish,"add cornish pasty,",183
bit,super-bites¬†‚Äì,2
bit,fish bites with chips ‚Äì,2
bit,bitter lemon/ginger ale¬†‚Äì,2
bit,cod bites (5pcs),4
bit,"chips not only taste great, but they are good for you too ‚Äì just remember, a little bit of what you fancy does you good!",124
bit,5pcs fish bites and chips,125
bit,kids cheesy chilli bites meal,125
bit,kids 3pcs fish bites meal,125
bit,mediterranean fish bites,65
bit,"3 value portions of cod bites, mushroom",65
bit,fresh halloumi bites cooked with our secret recipe,65
bit,small bites,7
bit,debit cards accepted,126
bit,debit cards,126
bit,fish bites,126
bit,fish bites and chips,126
bit,we are pleased to accept payment in cash or by visa/master card credit and debit cards (minimum,9
bit,cod bites,67
bit,bit on the side,67
bit,cod bites,67
bit,chicken bites,67
bit,"the london dungeon is a uniquely thrilling attraction that‚Äôll take you back to the past‚Äôs most horrible bits. see, hear, smell and feel londons darkest stories as they come to life before your eyes.as you are taken back in time, you will come face-to-face with frighteningly funny characters, from torturers and judges to local legends.",12
bit,fish bites,127
bit,fish bites with chips,127
bit,fish bites meal,127
bit,a little bit of everything except seafood,69
bit,a little bit of everything except seafood,69
bit,a little bit of everything except seafood,69
bit,a little bit of everything except seafood,69
bit,chicken bites,128
bit,chicken bites,128
bit,fish bites,128
bit,fish bites,128
bit,"4 x fish bites, chips",128
bit,fish bite butty,128
bit,fish bites in a breadcake,128
bit,lite bite,70
bit,chicken fillet bites,70
bit,fish bites,70
bit,kids fish bites,70
bit,kids chicken bites,70
bit,fish bites 3 for 1.60,14
bit,...a bit on the side?,74
bit,a bit more about us,75
bit,a bit on the side,16
bit,kids cod fish bites,16
bit,"kebabs ‚Äì the finesse put in the preparation of kebabs at the restaurant guarantees that clients get what value for money as they are just heavenly for lack of a better word. burgers ‚Äì this is a balanced menu that offers clients a bit of health and a bit of a cheat meal to result in a little bit of both. wraps ‚Äì this menu contains finger-licking wraps that are just out of this world. peri peri chicken ‚Äì this comes with half and full portion options and is served with interesting foods as well to facilitate a meal that is tantalizing. sandwiches ‚Äì this is a versatile menu that comprises of delicious piri piri, steak and donner sandwiches. chicken sides ‚Äì people who adore chicken sides will definitely frequent the restaurant after exploring their menu for chicken sides. extras ‚Äì their extras menu has an interesting variety to select from so that all preferences are well-addressed. kids meals ‚Äì it is famous for its kids meals due to the fact that they portray adventure and fun in both their taste and look.",131
bit,a bit more about us,76
bit,kids chicken bites,191
bit,chicken fillet bites,191
bit,breaded mozzarella bites + choice of dip,192
bit,bit of everything.,133
bit,"shippos bitter, nottingham",135
bit,battered mini chicken fillet bites,83
bit,kids fish bites (4),83
bit,cod bites,84
bit,"(coca-cola, diet cola, dr. pepper, lilt, sprite, fanta orange/fruit twist, bitter shandy, soda, dandelion",84
bit,jalapeno cream cheese bites (6),86
bit,6pcs of fish bites,139
bit,6pcs of fish bites with chips,139
bit,big bite deal,196
bit,chicken bites (3),197
bit,chicken fillet bites (8),197
bit,"3 chicken bites, 3 mozzarella sticks, 3 onion rings, chips, dip",25
bit,jalapeno bites,25
bit,kids chicken bites meal (3),25
bit,lite bite,26
bit,kids fish bites,26
bit,a bit of everything,143
bit,a bit of everything,143
bit,a bit of everything,143
bit,"chicken breast bites, chips",143
bit,"10"" pizza with any 3 spicy toppings, chicken pakora (2), vegetable pakora (2), spicy chicken wings (3), jalapeno bites (3), chips",91
bit,chicken bites x6,92
bit,6 fish bites and chips,144
bit,"shippos bitter, nottingham",145
bit,"10"" pizza with any 3 spicy toppings, chicken pakora (2), vegetable pakora (2), spicy chicken wings (3), jalapeno bites (3), chips",94
bit,a bit of everything. excluding seafood,203
bit,fish bits,146
bit,6pcs single fish bits,146
bit,6pcs fish bits with chips,146
bit,78a. 5pcs fish bites,203
bit,78b. large fish bites,203
bit,78c. extra large fish bites,203
bit,kids 4pcs fishbites,146
bit,cheese bites (4),31
bit,kids 5pcs cod bites and chips meal,203
bit,fish bites,147
bit,fish bites * 4,147
bit,fish bites,204
bit,fish bites,204
bit,2 fish bits and chips,147
bit,fish bites ¬†4,204
bit,"please note we do not take cheques, credit or debit cards.",204
bit,fish bites and chips,204
bit,chicken fillet bites (8) - single,96
bit,chicken fillet bites (8) - supper,96
bit,is a english takeaway in swalwell. why dont you try our dressed fish bites or fish (cod)?,206
bit,100% chicken bites (5pcs),149
bit,"10 south fried chicken fillets, 10 chicken tikka bites, 10 chicken nuggets, popcorn chicken, 2 portions of chips, any 2 sauces",206
bit,chicken tikka bites - 08 pieces,206
bit,chicken tikka bites - 10 pieces,206
bit,chicken tikka bites - 12 pieces,206
bit,chicken tikka bites - for 06,206
bit,chicken tikka bites - for 10,206
bit,fish bites - each,206
bit,fish bites - for 5,206
bit,dressed fish bites - each,206
bit,dressed fish bites - for 5,206
bit,chicken fillet bites (8) - single,34
bit,chicken fillet bites (8) - supper,34
bit,kids fish bites,206
bit,fish bites meal - 03 pieces,206
bit,fish bites meal - 05 pieces,206
bit,kids fish bite meal,34
bit,kids chicken fillet bites,34
bit,fish bites,157
bit,"fish bites, small sized juicy fish chunks battered softly with a big taste. served with brown‚Äôs award-winning chips",157
bit,fish bites,157
bit,"fish bites, small sized juicy fish chunks battered softly with a big taste",157
bit,fish bites and chips,207
bit,large fish bites and chips,207
bit,small fish bites and chips,207
bit,cod bites,207
bit,large cod bites,207
bit,small cod bites,207
bit,kids 4pcs small fish bites meal,207
bit,"5pcs chicken nuggets, 5pcs chicken strips, 6pcs onion rings, 5pcs cheesy jalapenos bites, 3pcs vegi spring roll, portion of chips and any 2 dip and salad",207
bit,5x cheesy jalapenos bites,207
bit,brown‚Äôs delicious grilled burger with crunchy creamy coleslaw for added bite. a mouthful bursting with flavour,157
bit,brown‚Äôs delicious grilled burger with crunchy creamy coleslaw for added bite. a mouthful bursting with flavour,157
bit,"made with white meat, our bite sized chicken nuggets are tender and juicy on the inside and crispy on the outside. 100% real chicken breast",157
bit,kids fish bites,157
bit,bite sized fish with a full mouthful of flavour. all served with chips,157
bit,cod bite meal deal,157
bit,portion of fish bites,157
bit,cod bite,208
bit,kids cod bites,208
bit,cod bites,160
bit,kids cod bites,160
bit,cod fish bites (5),209
bit,kids 2 fish bites,209
bit,fish bites,99
bit,"chips, fish bites",99
bit,lighter bites,99
bit,all our steakburgers are 6oz supplied by award winning carnbrooke meats dromara. steakburgers are served on a bun or rabbit style - wrapped in lettuce. gluten free bun 50p extra.,162
bit,all our chicken burgers are made from 100% chicken fillet served on bun or ‚Äòrabbit style‚Äô - wrapped in lettuce. gluten free bun 50p extra.,162
bit,fish city slim: lite bites,162
bit,why not try our lighter bites. a range of delicious meals designed to be healthy and with lower calories in mind. a healthy way to eat lite! (calorie content taken from menu-cal fsa),162
bit,"6 fish bite, chips",100
bit,fish bites - 01 piece,210
bit,fish bites - 03 pieces,210
bit,fish bite - small,100
bit,kids fish bites,210
bit,fish bites - for 1,211
bit,fish bites - for 3,211
bit,"2 fish bites, small chips",211
bit,a bit more about us,101
bit,fish bites (10 pcs),102
bit,fish bites 4 pc (kids),102
bit,cod bite 6pc+cips+can,102
bit,macaroni cheese bites,39
bit,fish bites,164
bit,fish bites meal,164
bit,pepper squid bites ¬£4.60,40
bit,fish bites,213
bit,bites,41
bit,fish bites,214
bit,fish bites,41
bit,chicken bites,41
bit,chicken fillet bites ‚Äì 5 ¬† ¬† ¬† ¬† ¬†¬£2.20,42
bit,chicken fillet bites ‚Äì 10 ¬† ¬† ¬† ¬†¬£3.80,42
bit,4 fish bites,105
bit,fish bites,43
bit,the double deal:2 chips2 fish bites2 goujons2 pasties2 cans,164
bit,the treble deal:3 chips3 fish bites3 goujons3 sausages3 small sides3 cans,164
bit,"daily lunchtime special between 12pm - 3pmall served with chips and a can of drink, choose from the following:chicken goujonscod bitessausagepastie2oz burger",164
bit,cod bites (2),164
bit,"fishcake, sausage, fish bites or chicken nuggets with chips, drink and a toy in a box",105
bit,kids fish bites meal (2),164
bit,fish bites and chips (3pcs),166
bit,fish bites and chips (5pcs),166
bit,kids fish bites (3pcs),166
bit,fish bites (5pcs),166
bit,fish bites (3pcs),166
bit,fish bites,167
bit,"100% haddock bites, chips",46
bit,3 fish bites,46
bit,"(choose from 3x nuggets, 1x sausage, 3x fish fingers, 3x fish bites, 1x chips, 1x side)",46
bit,a powerfully flavoured premium ale that packs a punch with rich fruit aromas and a distinctive bittersweet taste,46
bit,"a genuine premium pilsner beer with a distinctive, finely bitter taste and a full-flavoured aroma",46
bit,fish bites,220
bit,mozzarella bites x6,220
bit,kids box fish bites,220
bit,mozzarella bites,220
bit,fillet chicken bites (8),111
bit,fish bites - each,111
bit,fish bites - 03 pieces,111
bit,chicken bites (8)*,48
bit,fish bites - 06 pieces,111
bit,fish bites - 09 pieces,111
bit,fish bites and chips,168
bit,large fish bites and chips,168
bit,small fish bites and chips,168
bit,chilli cheese bites (6),111
bit,4 chicken bites*,48
bit,cod bites,168
bit,kids 3 fish bites,111
bit,large cod bites,168
bit,small cod bites,168
bit,3 fish bites,111
bit,kids 4pcs small fish bites meal,168
bit,"5pcs chicken nuggets, 5pcs chicken strips, 6pcs onion rings, 5pcs cheesy jalapenos bites, 3pcs vegi spring roll, portion of chips and any 2 dip and salad",168
bit,5x cheesy jalapenos bites,168
bit,112. 10pcs jalapeno bites,221
bit,"cod bites, fish cake, scampi, fish fingers, chips, onion rings and peas, gravy or curry",221
bit,a little bit of everything with lots of love,49
bit,a little bit of everything with lots of love,49
bit,a little bit of everything with lots of love,49
bit,a little bit of everything with lots of love,49
bit,"5 x chicken strips, 5 x chicken bites, 5 x popcorn chicken, french fries, coleslaw, garlic mayo",49
bit,fish bites and chips,50
bit,fish bites,50
bit,fish bite butty,50
bit,"choose any 4 of the following, scampi, calamari, king prawns, fish bites, chicken goujons, breaded mushrooms or onion rings with a side of chips or go healthy and have a salad",50
bit,kiddies fish bites and chips,50
bit,1pc fish bite,222
bit,10pcs jalapenos bites,222
bit,kids fish bite,222
bit,cod bites,170
bit,a bit of everything,51
bit,a bit of everything,51
bit,a bit of everything,51
bit,a bit of everything,51
bit,a bit of everything,51
bit,a bit of everything,51
bit,7 pieces of jalapeno bites,51
bit,"chips, chicken bites, bacon, cheese, bbq sauce",114
bit,lighter bites,114
bit,kids meal fish bites,172
bit,3 fish bites and a can of pop,172
bit,fish bites (6pcs),172
bit,fish bites (6pcs) and chips,172
bit,lighter bite fish,52
bit,kids cod bites,115
bit,traditional chip shop classics and a little bit more.,54
bit,10 chicken bites,116
bit,"2 pieces of chicken, 2 wings of fire, 4 chicken bites, chips and a small 2oz tub of sauce",116
bit,bitter shandy,54
bit,cod bites (5),225
bit,"2 squid rings, 2 butterfly prawns, 2 crispy cod bites, 2-4 chunky salt",225
bit,cod bites (5) (gluten free),225
bit,kids cod bites - regular,225
bit,kids cod bites - gluten free,225
bit,fish bite,226
bit,fish bits 2 pcs,226
bit,6 chicken breast bites and chips,174
bit,bite size chicken breast fillet pieces coated in a lightly crispy golden batter,174
bit,6 chunky cod bites and chips,174
bit,3 chicken breast bites and chips,174
bit,gf cod bites and chips,174
bit,gf kids cod bites and chips,174
bit,burgers were a bit over done but everything else was perfect as usual. angelos is the best proper fish and chip shop in the area and the proprietors are very warm friendly and helpful so the odd slightly overdone burger is no foul. 9/10. ve,56
bit,cod bites,227
bit,"2 cod bites,  chips",227
bit,"cod bites,  chips",227
bit,kids cod bite,56
bit,112. 5pcs fish bites,175
bit,kids 3pcs fish bites meal,175
bit,fish bites (10 pcs),228
bit,fish bites 4 pc (kids),228
bit,cod bite 6pc+cips+can,228
bit,8pcs chicken fillet bites,118
bit,something a little bit different,229
bit,bitter lemon 1.20,229
bit,fish bites,229
bit,battered fish bites made from fresh cod,229
bit,clems fish bites,178
bit,fish bites,178
bit,(nuggets / cod bites /sausage / fish cake or burger with chips + drink + toy),230
bit,cod bites/chips,232
bit,fish bites (cod) (6),60
bit,cod bites,233
bit,cod bites,233
bit,"half cod bites, half scampi, half chips, half salad",233
bit,fish bites (5),180
bit,"3 fish bites, child",234
bit,kid fish bites (3) meal,180
bit,lite bite,121
bit,lite bite with peas,121
bit,lite bite with beans,121
bit,all the meals in our lighter options menu have been nutritionally tested and contain the calorie values stated and as little as 7.4 grams of fat per 100 grams for the lite bite with peas.,121
bit,cod fish bites,181
bit,each cod fish bite,181
bit,kids fish bites,181
bit,small fish or 3 x fish bites,181
bit,lunchtime special - lite bite cod,243
bit,lite bite cod,243
stagioni,quattro stagioni,198
stagioni,"quattro stagioni pizza - 10""",86
stagioni,"quattro stagioni pizza - 12""",86
stagioni,quattro stagioni,201
stagioni,10inch quattro stagioni,201
stagioni,12inch quattro stagioni,201
stagioni,10 quattre stagioni (2 meat + 2 veg),154
stagioni,12 quattre stagioni (2 meat + 2 veg),154
stagioni,16 quattre stagioni (2 meat + 2 veg),154
stagioni,"quatro stagioni - 10""",34
stagioni,"quatro stagioni - 12""",34
stagioni,"quatro stagioni - 15""",34
stagioni,"quattro stagioni - 10""",96
stagioni,"quattro stagioni - 12""",96
stagioni,quattro stagioni pizza,97
stagioni,"pizza quattro stagioni - 10""",36
stagioni,"pizza quattro stagioni - 12""",36
stagioni,"pizza quattro stagioni - 16""",36
stagioni,>>>>>>>>pizza quattro stagioni,98
stagioni,quattro stagioni pizza,217
stagioni,"quattro stagioni - 09"" thin",49
stagioni,"quattro stagioni - 11"" thin",49
stagioni,"quattro stagioni - 11"" deep",49
stagioni,"quattro stagioni - 14"" thin",49
stagioni,quattro stagioni,175
stagioni,32a. 8inch quattro stagioni,175
stagioni,32b. 10inch quattro stagioni,175
stagioni,33c. 12inch quattro stagioni,175
stagioni,33d. 14inch quattro stagioni,175
passion,rubicon passion can,123
passion,passion fruit panna cotta,6
passion,rubicon passion can,125
passion,cooked with passion.,126
passion,rubicon passion can,127
passion,rubicon passion can,17
passion,rubicon - passion flavour,70
passion,rubicon passionfruit - 0.33l,83
passion,pepperoni passion,139
passion,rubicon - passion fruit,49
passion,rubicon - passion,51
passion,mexican passion,222
passion,10inch mexican passion,222
passion,12inch mexican passion,222
passion,16inch mexican passion,222
passion,rubicon passion fruit,235
facebook,please like us on facebook and follow us on twitter to receive special offers and discounts...,124
facebook,facebook,66
facebook,s profile on facebook,66
facebook,facebook,67
facebook,facebook,67
facebook,facebook,67
facebook,facebook,67
facebook,find us on facebook,192
facebook,facebook,150
facebook,please find us on facebook,204
facebook,facebook,99
facebook,facebook,99
facebook,facebook,99
facebook,connect to facebook,40
facebook,follow us on twitter and facebook!,41
facebook,like us on facebook,105
facebook,like us on facebook,107
facebook,facebook,52
facebook,"follow us on facebook, twitter and instagram for special offers",52
facebook,facebook,52
facebook,follow nelsons on facebook,243
carbonara,spaghetti carbonara,85
carbonara,spaghetti carbonara,201
carbonara,spaghetti carbonara,87
carbonara,spaghetti carbonara,87
carbonara,spaghetti carbonara pasta - plain,28
carbonara,spaghetti carbonara pasta - with chips,28
carbonara,carbonara - penne,89
carbonara,carbonara - spaghetti,89
carbonara,carbonara - tagliatelle,89
carbonara,spaghetti carbonara pasta,29
carbonara,carbonara - penne,91
carbonara,carbonara - spaghetti,91
carbonara,carbonara - tagliatelle,91
carbonara,carbonara - penne,94
carbonara,carbonara - spaghetti,94
carbonara,carbonara - tagliatelle,94
carbonara,carbonara - penne,96
carbonara,carbonara - spaghetti,96
carbonara,carbonara - tagliatelle,96
carbonara,spaghetti carbonara pasta,97
carbonara,spaghetti carbonara,37
carbonara,spaghetti carbonara,98
carbonara,spaghetti carbonara - single,215
carbonara,spaghetti carbonara - supper,215
carbonara,spaghetti carbonara - single,39
carbonara,spaghetti carbonara - supper,39
carbonara,carbonara,118
keema,"cheese, pizza sauce, chicken, meat and keema",123
keema,keema mince,123
keema,12inch keema mince,123
keema,14inch keema mince,123
keema,"cheese, pizza sauce, chicken, meat, keema, green peppers, chillies and onions",123
keema,"keema, peppers and onions",127
keema,keema achar,127
keema,"keema, mixed pickle",127
keema,7inch keema achar,127
keema,12inch keema achar,127
keema,18inch keema achar,127
keema,"keema, jalapenos, peppers and onions",127
keema,"chicken, keema and donner meat",127
keema,keema and chips,127
keema,regular keema and chips,127
keema,large keema and chips,127
keema,mexican keema and chips,127
keema,regular mexican  keema and chips,127
keema,large mexican keema and chips,127
keema,garlic bread with keema,127
keema,keema panini,127
keema,keema and rice,127
keema,keema hot dog,127
keema,single keema hot dog,127
keema,keema hot dog meal,127
keema,keema naan,69
keema,"mozzarella, tomato sauce, keema, chicken, spicy beef, sliced fresh tomatoes, mixed peppers",70
keema,"mozzarella, tomato sauce, chicken, keema, peppers, fresh tomatoes, red onion",70
keema,keema pastie,70
keema,"keema pizza - 09"" medium",133
keema,"chicken keema, onions, sweetcorn, pineapple, peppers",133
keema,"keema pizza - 12"" large",133
keema,"chicken keema, onions, sweetcorn, pineapple, peppers",133
keema,"keema pizza - 14"" x-large",133
keema,"chicken keema, onions, sweetcorn, pineapple, peppers",133
keema,keema nan,195
keema,keema pilau rice,195
keema,"keema pizza - 09"" thin",49
keema,"keema, onions",49
keema,"keema pizza - 11"" thin",49
keema,"keema, onions",49
keema,"keema pizza - 11"" deep",49
keema,"keema, onions",49
keema,"keema pizza - 14"" thin",49
keema,"keema, onions",49
keema,"this dish served with a mixture of meat, chicken, keema",49
keema,paneer keema,49
keema,keema,49
keema,keema matter,49
keema,"cooked with lamb tikka, chicken tikka, prawn, keema, spinach, ginger",49
keema,vindaloo - keema,49
keema,masala - keema,49
keema,dopiaza - keema,49
keema,bhuna - keema,49
keema,korma - keema,49
keema,madras - keema,49
keema,dhansak - keema,49
keema,pathia - keema,49
keema,rogan josh - keema,49
keema,curry - keema,49
keema,keema pilau rice,49
keema,keema paratha,49
keema,keema naan,49
keema,(h) keema bhuna,106
keema,(v) soya keema mattar,106
keema,(h) keema naan,106
keema,"salami, pepperoni, ham, keema",51
keema,"salami, pepperoni, ham, keema",51
keema,"salami, pepperoni, ham, keema",51
keema,"salami, pepperoni, ham, keema",51
keema,"salami, pepperoni, ham, keema",51
keema,"salami, pepperoni, ham, keema",51
keema,"chicken tikka, keema, red onions, green peppers, sweetcorn",51
keema,"chicken tikka, keema, red onions, green peppers, sweetcorn",51
keema,"chicken tikka, keema, red onions, green peppers, sweetcorn",51
keema,"chicken tikka, keema, red onions, green peppers, sweetcorn",51
keema,"chicken tikka, keema, red onions, green peppers, sweetcorn",51
keema,"chicken tikka, keema, red onions, green peppers, sweetcorn",51
keema,keema curry,113
keema,keema bhuna,113
keema,keema rice,113
keema,keema naan,113
keema,keema,122
keema,spicy keema pasty - regular,122
keema,spicy keema pasty - with chips,122
chosen,please write your chosen pie in the comments box on the next page,63
chosen,please write your chosen flavour in the comments box,16
chosen,please write your chosen flavour in the comment box,69
chosen,please write your chosen flavour in the comment box,69
chosen,write your chosen flavour in the comments box,133
chosen,write your chosen flavour in the comments box,133
chosen,please write your chosen flavour in the comments box,20
chosen,note on offers: please write your chosen item in the comments box,76
chosen,please leave a note in the comment box for your chosen flavour,33
chosen,please leave a note in the comment box for your chosen flavour,33
chosen,please leave a note in the comment box for your chosen flavour,33
chosen,please write your chosen flavours in the comments box,49
chosen,please write your chosen flavours in the comments box on the next page,51
chosen,please write your chosen flavour in the comments box,58
chosen,.  dominic and gabby kurdyla will be running the london marathon for our chosen charity whizz-kidz.  we will be open as normal from 11:30 on wednesday 25,233
samosa,"pepper ribs, curry samosa salt",63
samosa,vegetable curry samosa (5),63
samosa,meat curry samosa (5),63
samosa,veg samosa,127
samosa,meat samosa,127
samosa,meat samosa sandwich,127
samosa,veg samosa sandwich,127
samosa,chicken samosa,187
samosa,medium chicken samosa,187
samosa,large chicken samosa,187
samosa,lamb samosa,187
samosa,medium lamb samosa,187
samosa,large lamb samosa,187
samosa,vegetable samosa,187
samosa,medium vegetable samosa,187
samosa,large vegetable samosa,187
samosa,samosas,189
samosa,samosas,189
samosa,served with samosa sauce.,189
samosa,chicken samosa (6),189
samosa,lamb samosa (6),189
samosa,vegetarian samosa (6),189
samosa,vegetable samosa - for 1,18
samosa,vegetable samosa - for 2,18
samosa,food is always very nice from classic.  chicken kebab meat is amazing.  meat samosa is the best i have ever had,20
samosa,meat samosa,20
samosa,vegetable samosa,20
samosa,samosa - chicken,133
samosa,samosa - lamb,133
samosa,samosa - vegetable,133
samosa,meat samosa,21
samosa,samosa (2),69
samosa,meat samosa,195
samosa,vegetable samosa,195
samosa,samosa - large,100
samosa,meat samosa,49
samosa,samosa,49
samosa,samosa,49
samosa,(v) (h) vegetable samosa,106
samosa,(v) samosa chaatpat,106
samosa,vegetable samosas with chickpeas in a chaat masala with fresh yoghurt,106
samosa,"seekh, shami, samosa, onion bhaji",51
samosa,samosa (2),51
samosa,samosa - vegetable,109
samosa,samosa - meat,109
samosa,chicken samosas (4),56
samosa,veg samosas (4),56
samosa,samosa - meat,112
samosa,samosa - vegetable,112
samosa,vegetable samosa 4 pieces,113
samosa,meat curry samosas (4),60
samosa,vegetable curry samosas (4),60
samosa,vegetable samosas (2),60
samosa,veg samosa,113
samosa,pizza samosa,113
samosa,"ribs, chicken wings,siu mai,chicken nuggets,spring rolls,onion rings,curry samosas,salt pepper chips and curry sauce.please comment for sweet chilli too",61
samosa,4pcs vegetable samosa,117
samosa,4pcs chicken samosa,117
samosa,mini vegetable curry samosas (10),236
suey,chop suey roll,63
suey,chop suey dishes,64
suey,beef chop suey,64
suey,char siu chop suey,64
suey,chicken chop suey,64
suey,king prawn chop suey,64
suey,special chop suey,64
suey,prawn chop suey,64
suey,mushroom chop suey,64
suey,chop suey roll,206
suey,chop suey roll,208
suey,chop suey roll,209
suey,chop suey roll - plain,210
suey,chop suey roll - battered,210
suey,chop suey roll,211
suey,chop suey roll,166
suey,chop suey roll,167
suey,124. chop suey roll,175
suey,pancake (chop suey roll),60
suey,chop suey dishes,60
suey,special chop suey,60
suey,squid chop suey,60
suey,chicken chop suey,60
suey,char siu chop suey,60
suey,beef chop suey,60
suey,roast duck chop suey,60
suey,prawns chop suey,60
suey,king prawns chop suey,60
suey,chop suey roll,180
suey,chop suey roll,60
suey,chop suey roll,61
suey,chop suey,61
suey,chop suey roll,181
suey,special chop suey,224
suey,king prawn chop suey,224
suey,prawns chop suey,224
suey,chicken chop suey,224
suey,beef chop suey,224
suey,chinese roast pork chop suey,224
suey,1 chicken chop suey,224
suey,1 king prawn chop suey,224
suey,chop suey dishes,236
suey,special chop suey,236
suey,king prawn chop suey,236
suey,chicken chop suey,236
suey,beef chop suey,236
suey,shrimp chop suey,236
suey,roast pork chop suey,236
suey,chicken chop suey,236
suey,special chop suey,236
suey,chop suey dishes,237
suey,172. chicken chop suey  (ls),237
suey,173. pork chop suey (ls),237
suey,174. beef chop suey (ls),237
suey,175. shrimp chop suey (ls),237
suey,176. king prawn chop suey,237
suey,177. special chop suey (l),237
suey,178. duck chop suey,237
suey,179. vegetable chop suey (ls),237
rump,scrumptious sides,140
rump,scrumptious sides,21
rump,rump steak - single,85
rump,rump steak - supper,85
rump,rump steak - single,86
rump,rump steak - with chips,86
rump,rump steak - single,88
rump,rump steak - supper,88
rump,chip rump steak - single,89
rump,chip rump steak - supper,89
rump,rump steak - single,90
rump,rump steak - supper,90
rump,chip rump steak - single,91
rump,chip rump steak - supper,91
rump,chip rump steak - single,94
rump,chip rump steak - supper,94
rump,rump chip steak - single,95
rump,rump chip steak - supper,95
rump,chip rump steak - single,96
rump,chip rump steak - supper,96
rump,chip rump steak,97
rump,chip rump steak,98
rump,top rump steak strips with caramelised onions*,240
value,chips at the very best value.,124
value,"chips is in fact a natural, nutritional meal which is good value for money and when eaten in moderation, forms part of a healthy balanced diet.made with all natural ingredients, it is easy to see why fish",124
value,"3 value portions of cod, hake and haddock served with regular chips",65
value,"3 value portions of cod bites, mushroom",65
value,value english breakfast,65
value,value box meal,130
value,"kebabs ‚Äì the finesse put in the preparation of kebabs at the restaurant guarantees that clients get what value for money as they are just heavenly for lack of a better word. burgers ‚Äì this is a balanced menu that offers clients a bit of health and a bit of a cheat meal to result in a little bit of both. wraps ‚Äì this menu contains finger-licking wraps that are just out of this world. peri peri chicken ‚Äì this comes with half and full portion options and is served with interesting foods as well to facilitate a meal that is tantalizing. sandwiches ‚Äì this is a versatile menu that comprises of delicious piri piri, steak and donner sandwiches. chicken sides ‚Äì people who adore chicken sides will definitely frequent the restaurant after exploring their menu for chicken sides. extras ‚Äì their extras menu has an interesting variety to select from so that all preferences are well-addressed. kids meals ‚Äì it is famous for its kids meals due to the fact that they portray adventure and fun in both their taste and look.",131
value,our key values are to offer polite service and take our time to make sure we serve great food at a great price. we are always welcome to any feedback and enjoy meeting new customers¬†,71
value,"is based in 432 alfreton road,  225 bobbersmill road, nottingham, nottinghamshire, ng7 5nl and 5jp. we aim to bring all of our customers the best value for money, services and food around, plus we are constantly aiming to improve our service to you. you can now",137
value,value box,139
value,ordered two small cod and chips and was  pleasantly surprised by the size of the fish. golden crispy batter and nice fluffy perfectly cooked fish. chips also taste amazing. excellent value for money. well done guys.,81
value,"is based in 2-4 lombard street, inverness, nova scotia, iv1 1qq. we aim to bring all of our customers the best value for money, services and food around, plus we are constantly aiming to improve our service to you. you can now",196
value,value meals,143
value,value meal 1,143
value,value meal 2,143
value,value meal 3,143
value,value meal 4,143
value,value meal 5,143
value,value meal 6,143
value,value meal 7,143
value,value box,146
value,value box with chips,146
value,value treats deal,39
value,we now accept contactless payments up to the value of,48
value,value box meal 2,109
value,save money with our value-deals. perfect for family or friends!,52
value,value box,117
value,1pc chicken value box,117
value,2pcs chicken value box,117
value,3pcs chicken value box,117
value,value box,118
value,value box,120
value,all the meals in our lighter options menu have been nutritionally tested and contain the calorie values stated and as little as 7.4 grams of fat per 100 grams for the lite bite with peas.,121
value,great value for a family of four!,121
value,great value!,121
value,"our wines have been carefully selected representing excellent value, it comes with only the highest recommendation",178
value,"it was fate we ended up at this off-the-beaten-track chippy in falmouth. the food was stunning all served up by a lovely family from west yorkshire. forget steins and harbour lights, walk a little further for this little gem. also at less than ¬£15 for two large fish, chips and peas, drinks and sauces, great value. thanks for brightening up our day",233
